{
  "task_id": "dep-traversal-001",
  "success": true,
  "phase": "complete",
  "error": "",
  "failure_class": null,
  "timing": {
    "parse": 0.0004560010274872184,
    "build": 0.48615081497700885,
    "setup": 18.66301098797703,
    "agent": 211.08378818101482,
    "scoring": 0.06070721801370382
  },
  "tool_usage": {
    "total_input_tokens": 0,
    "total_output_tokens": 0,
    "cost_usd": 0.0,
    "num_turns": 0,
    "mcp_tool_calls": 0,
    "mcp_used": false
  }
}
