{
  "task_id": "dep-traversal-001",
  "success": true,
  "phase": "complete",
  "error": "",
  "failure_class": null,
  "timing": {
    "parse": 0.00043890997767448425,
    "build": 0.4270538620185107,
    "setup": 26.67736024799524,
    "agent": 848.4488938269787,
    "scoring": 0.061082264001015574
  },
  "tool_usage": {
    "total_input_tokens": 0,
    "total_output_tokens": 0,
    "cost_usd": 0.0,
    "num_turns": 0,
    "mcp_tool_calls": 32,
    "mcp_used": true
  }
}
