{
  "task_id": "cal-drift-flask-config-001",
  "success": true,
  "phase": "complete",
  "error": "",
  "failure_class": null,
  "timing": {
    "parse": 0.00033401104155927896,
    "build": 0.23556352697778493,
    "setup": 0.32470193301560357,
    "agent": 97.73192808101885,
    "scoring": 0.1605983329936862
  },
  "tool_usage": {
    "total_input_tokens": 0,
    "total_output_tokens": 0,
    "cost_usd": 0.0,
    "num_turns": 0,
    "mcp_tool_calls": 0
  }
}
