{
  "task_id": "cal-drift-flask-config-001",
  "success": true,
  "phase": "complete",
  "error": "",
  "failure_class": null,
  "timing": {
    "parse": 0.0003250329755246639,
    "build": 6.954597957024816,
    "setup": 1.3384459990193136,
    "agent": 136.3482602639706,
    "scoring": 0.14716132200555876
  },
  "tool_usage": {
    "total_input_tokens": 0,
    "total_output_tokens": 0,
    "cost_usd": 0.0,
    "num_turns": 0,
    "mcp_tool_calls": 0,
    "mcp_used": false
  }
}
