{
  "task_id": "dep-traversal-001",
  "success": true,
  "phase": "complete",
  "error": "",
  "failure_class": null,
  "timing": {
    "parse": 0.0004466319805942476,
    "build": 0.45206614799099043,
    "setup": 25.835758170986082,
    "agent": 775.3429599020164,
    "scoring": 0.056126646988559514
  },
  "tool_usage": {
    "total_input_tokens": 0,
    "total_output_tokens": 0,
    "cost_usd": 0.0,
    "num_turns": 0,
    "mcp_tool_calls": 70,
    "mcp_used": true
  }
}
