{
  "task_id": "dep-traversal-001",
  "success": true,
  "phase": "complete",
  "error": "",
  "failure_class": null,
  "timing": {
    "parse": 0.0004407539963722229,
    "build": 0.2884326220373623,
    "setup": 22.695476784952916,
    "agent": 223.0628919720184,
    "scoring": 0.05912235798314214
  },
  "tool_usage": {
    "total_input_tokens": 0,
    "total_output_tokens": 0,
    "cost_usd": 0.0,
    "num_turns": 0,
    "mcp_tool_calls": 0
  }
}
