{
  "task_id": "dep-traversal-001",
  "success": true,
  "phase": "complete",
  "error": "",
  "failure_class": null,
  "timing": {
    "parse": 0.0004702290170826018,
    "build": 0.2858849560143426,
    "setup": 22.69693912897492,
    "agent": 177.7814636490075,
    "scoring": 0.05590632505482063
  },
  "tool_usage": {
    "total_input_tokens": 0,
    "total_output_tokens": 0,
    "cost_usd": 0.0,
    "num_turns": 0,
    "mcp_tool_calls": 0
  }
}
