{
  "task_id": "cal-err-flask-blueprint-001",
  "success": true,
  "phase": "complete",
  "error": "",
  "failure_class": null,
  "timing": {
    "parse": 0.00033590401289984584,
    "build": 2.1347497439710423,
    "setup": 0.3550986629561521,
    "agent": 173.83402543200646,
    "scoring": 0.15974471904337406
  },
  "tool_usage": {
    "total_input_tokens": 0,
    "total_output_tokens": 0,
    "cost_usd": 0.0,
    "num_turns": 0,
    "mcp_tool_calls": 0
  }
}
