{
  "task_id": "incident-inv-watch-delete-002",
  "success": true,
  "phase": "complete",
  "error": "",
  "failure_class": null,
  "timing": {
    "parse": 0.00044435105519369245,
    "build": 0.3006756490212865,
    "setup": 0.4257560189580545,
    "agent": 156.5666189059848,
    "scoring": 0.06568809098098427
  },
  "tool_usage": {
    "total_input_tokens": 0,
    "total_output_tokens": 0,
    "cost_usd": 0.0,
    "num_turns": 0,
    "mcp_tool_calls": 0
  }
}
