{
  "task_id": "cal-err-flask-blueprint-001",
  "success": true,
  "phase": "complete",
  "error": "",
  "failure_class": null,
  "timing": {
    "parse": 0.00034486199729144573,
    "build": 0.27977859298698604,
    "setup": 0.32517796399770305,
    "agent": 96.3343236289802,
    "scoring": 0.15811723901424557
  },
  "tool_usage": {
    "total_input_tokens": 0,
    "total_output_tokens": 0,
    "cost_usd": 0.0,
    "num_turns": 0,
    "mcp_tool_calls": 0
  }
}
