{
  "task_id": "cal-drift-flask-config-001",
  "success": true,
  "phase": "complete",
  "error": "",
  "failure_class": "agent_error",
  "timing": {
    "parse": 0.00032846996327862144,
    "build": 0.16770246997475624,
    "setup": 0.3412052820203826,
    "agent": 0.4463872810010798,
    "scoring": 0.04978306300472468
  },
  "tool_usage": {
    "total_input_tokens": 0,
    "total_output_tokens": 0,
    "cost_usd": 0.0,
    "num_turns": 0,
    "mcp_tool_calls": 0
  }
}
