{
  "task_id": "cal-drift-flask-config-001",
  "success": true,
  "phase": "complete",
  "error": "",
  "failure_class": "agent_error",
  "timing": {
    "parse": 0.00033745699329301715,
    "build": 0.4021318409941159,
    "setup": 0.34743361902656034,
    "agent": 120.02721380500589,
    "scoring": 0.05642105999868363
  },
  "tool_usage": {
    "total_input_tokens": 0,
    "total_output_tokens": 0,
    "cost_usd": 0.0,
    "num_turns": 0,
    "mcp_tool_calls": 0
  }
}
