{
  "task_id": "cal-drift-flask-config-001",
  "success": true,
  "phase": "complete",
  "error": "",
  "failure_class": null,
  "timing": {
    "parse": 0.0003468249924480915,
    "build": 0.47961310198297724,
    "setup": 0.4134385520010255,
    "agent": 160.23751599201933,
    "scoring": 0.16050256800372154
  },
  "tool_usage": {
    "total_input_tokens": 0,
    "total_output_tokens": 0,
    "cost_usd": 0.0,
    "num_turns": 0,
    "mcp_tool_calls": 0
  }
}
