{
  "task_id": "api-contract-grpc-metadata-001",
  "success": true,
  "phase": "complete",
  "error": "",
  "failure_class": null,
  "timing": {
    "parse": 0.00044189603067934513,
    "build": 0.4047963949851692,
    "setup": 0.4237328949966468,
    "agent": 293.5645298649906,
    "scoring": 0.05627141002332792
  },
  "tool_usage": {
    "total_input_tokens": 0,
    "total_output_tokens": 0,
    "cost_usd": 0.0,
    "num_turns": 0,
    "mcp_tool_calls": 0
  }
}
