{
  "task_id": "api-contract-grpc-metadata-001",
  "success": true,
  "phase": "complete",
  "error": "",
  "failure_class": null,
  "timing": {
    "parse": 0.00044225703459233046,
    "build": 0.27479979395866394,
    "setup": 0.43375343800289556,
    "agent": 336.78776159498375,
    "scoring": 0.05792551301419735
  },
  "tool_usage": {
    "total_input_tokens": 0,
    "total_output_tokens": 0,
    "cost_usd": 0.0,
    "num_turns": 0,
    "mcp_tool_calls": 0
  }
}
