{
  "task_id": "incident-inv-watch-delete-002",
  "success": true,
  "phase": "complete",
  "error": "",
  "failure_class": null,
  "timing": {
    "parse": 0.00043302797712385654,
    "build": 0.31732768996153027,
    "setup": 25.787192019983195,
    "agent": 216.1168033660506,
    "scoring": 0.059527380974031985
  },
  "tool_usage": {
    "total_input_tokens": 0,
    "total_output_tokens": 0,
    "cost_usd": 0.0,
    "num_turns": 0,
    "mcp_tool_calls": 0,
    "mcp_used": false
  }
}
