{
  "task_id": "cal-drift-flask-config-001",
  "success": true,
  "phase": "complete",
  "error": "",
  "failure_class": null,
  "timing": {
    "parse": 0.0003333200002089143,
    "build": 0.26118259300710633,
    "setup": 0.7514506370062009,
    "agent": 125.45050173997879,
    "scoring": 0.1472959399688989
  },
  "tool_usage": {
    "total_input_tokens": 0,
    "total_output_tokens": 0,
    "cost_usd": 0.0,
    "num_turns": 0,
    "mcp_tool_calls": 26,
    "mcp_used": true
  }
}
