{
  "task_id": "cal-drift-flask-config-001",
  "success": true,
  "phase": "complete",
  "error": "",
  "failure_class": "agent_error",
  "timing": {
    "parse": 0.0003218880156055093,
    "build": 0.16657095402479172,
    "setup": 0.31304810504661873,
    "agent": 120.00265500298701,
    "scoring": 0.05060925899306312
  },
  "tool_usage": {
    "total_input_tokens": 0,
    "total_output_tokens": 0,
    "cost_usd": 0.0,
    "num_turns": 0,
    "mcp_tool_calls": 0
  }
}
