{
  "task_id": "incident-inv-watch-delete-002",
  "success": true,
  "phase": "complete",
  "error": "",
  "failure_class": null,
  "timing": {
    "parse": 0.00042670598486438394,
    "build": 0.42661702900659293,
    "setup": 24.29428110300796,
    "agent": 880.918842145009,
    "scoring": 0.06781675497768447
  },
  "tool_usage": {
    "total_input_tokens": 0,
    "total_output_tokens": 0,
    "cost_usd": 0.0,
    "num_turns": 0,
    "mcp_tool_calls": 39,
    "mcp_used": true
  }
}
