{
  "task_id": "cal-drift-flask-config-001",
  "success": true,
  "phase": "complete",
  "error": "",
  "failure_class": null,
  "timing": {
    "parse": 0.00032611697679385543,
    "build": 0.42361329798586667,
    "setup": 1.1816909550107084,
    "agent": 171.35738050699,
    "scoring": 0.1962128389859572
  },
  "tool_usage": {
    "total_input_tokens": 0,
    "total_output_tokens": 0,
    "cost_usd": 0.0,
    "num_turns": 0,
    "mcp_tool_calls": 0,
    "mcp_used": false
  }
}
