{
  "task_id": "cal-drift-flask-config-001",
  "success": true,
  "phase": "complete",
  "error": "",
  "failure_class": "agent_error",
  "timing": {
    "parse": 0.0004523540264926851,
    "build": 0.2245306340046227,
    "setup": 0.3343477899907157,
    "agent": 0.4574911160161719,
    "scoring": 0.05711815902031958
  },
  "tool_usage": {
    "total_input_tokens": 0,
    "total_output_tokens": 0,
    "cost_usd": 0.0,
    "num_turns": 0,
    "mcp_tool_calls": 0
  }
}
