{
  "task_id": "dep-traversal-001",
  "success": true,
  "phase": "complete",
  "error": "",
  "failure_class": null,
  "timing": {
    "parse": 0.00044781703036278486,
    "build": 0.6209413430187851,
    "setup": 28.042793505999725,
    "agent": 154.05523582996102,
    "scoring": 0.055296809994615614
  },
  "tool_usage": {
    "total_input_tokens": 0,
    "total_output_tokens": 0,
    "cost_usd": 0.0,
    "num_turns": 0,
    "mcp_tool_calls": 0,
    "mcp_used": false
  }
}
