{
  "task_id": "api-contract-grpc-metadata-001",
  "success": true,
  "phase": "complete",
  "error": "",
  "failure_class": null,
  "timing": {
    "parse": 0.00043589400593191385,
    "build": 0.7233571879914962,
    "setup": 7.462627123983111,
    "agent": 184.52380884200102,
    "scoring": 0.05743572599021718
  },
  "tool_usage": {
    "total_input_tokens": 0,
    "total_output_tokens": 0,
    "cost_usd": 0.0,
    "num_turns": 0,
    "mcp_tool_calls": 13,
    "mcp_used": true
  }
}
