{
  "task_id": "incident-inv-watch-delete-002",
  "success": true,
  "phase": "complete",
  "error": "",
  "failure_class": null,
  "timing": {
    "parse": 0.0004570449818857014,
    "build": 0.3051901899743825,
    "setup": 0.42169634700985625,
    "agent": 397.5308820270002,
    "scoring": 0.05478334799408913
  },
  "tool_usage": {
    "total_input_tokens": 0,
    "total_output_tokens": 0,
    "cost_usd": 0.0,
    "num_turns": 0,
    "mcp_tool_calls": 0
  }
}
