{
  "task_id": "cal-drift-flask-config-001",
  "success": true,
  "phase": "complete",
  "error": "",
  "failure_class": null,
  "timing": {
    "parse": 0.00033344002440571785,
    "build": 2.1923998270067386,
    "setup": 0.29707352101104334,
    "agent": 135.82503794995137,
    "scoring": 0.15611518098739907
  },
  "tool_usage": {
    "total_input_tokens": 0,
    "total_output_tokens": 0,
    "cost_usd": 0.0,
    "num_turns": 0,
    "mcp_tool_calls": 0
  }
}
