{
  "task_id": "api-contract-grpc-metadata-001",
  "success": true,
  "phase": "complete",
  "error": "",
  "failure_class": null,
  "timing": {
    "parse": 0.0004503909731283784,
    "build": 0.5267931150156073,
    "setup": 5.241473415051587,
    "agent": 447.6105034700013,
    "scoring": 0.06559006602037698
  },
  "tool_usage": {
    "total_input_tokens": 0,
    "total_output_tokens": 0,
    "cost_usd": 0.0,
    "num_turns": 0,
    "mcp_tool_calls": 169,
    "mcp_used": true
  }
}
